#Name,A,B ## GL = I*A + I^2*B
QH01, 0.00715, 0
QV02, -0.00445, 0
QH03, 0.163, -0.00035
QV04, 0.163, -0.00035
QH05, 0.0759, -0.000387
QV06, 0.0759, -0.000387
QV07, 0.163, -0.00035
QH08, 0.2191, -0.000373
QV10, 0.163, -0.00035
QH11, 0.2191, -0.000373
QV12, 0.2191, -0.000373
QH13, 0.2191, -0.000373
QH33, 0.2191, -0.000373
QV34, 0.2191, -0.000373
QH35, 0.163, -0.00035
QV36, 0.163, -0.00035
